{"initial_reset_timestamp": 1580812188.9551923, "timestamps": [1580812255.035875], "episode_lengths": [1635], "episode_rewards": [21.0], "episode_types": ["t"]}